{
  "slope": 0.9999999999999986,
  "intercept": -0.1999999999999989,
  "lower_bound": 0.4499999999999997,
  "upper_bound": 0.45000000000000023
}